CO2_mean,O1_constructionYear,O2_opWin,O2_winArea,O2_winShadePercentage,RH_mean,T_mean,light_mean,sound_mean,sex,age,job,contacts,officeInterior,hoursatdesk,outside,cleaningProd,noiseTelephones,lightTooDark,lightTooBright,lightFlicker,lightReflections,lightNoTask,symptabilitywork,office_volume,renovationYear,office_wallFinish,office_supplyAir,office_returnAir,outdoorCont_smokeGenerators,outdoorCont_heavyTraffic,floorMope,office_windowOrientation,viewGreenNature,suspendedCeiling,floorWood,lightLED,lightIncan,lightFlour,office_desklights,otherPlantWater,otherLounge,tech,talk,noiseExterior,winA_perVol
741.3720472440945,1972.0,50.0,4.4,100.0,47.734251968503926,24.232480314960583,179.90551181102362,45.30905511811024,Male,3.0,Administrative,Glasses_contacts,shared,1.0,False,False,False,False,False,False,False,False,1,55.0,0,paintWallboard,ventNoSupply,ventNoReturn,False,True,0.0,East,False,True,False,False,False,True,0,True,False,False,True,False,0.08
772.4708171206225,1972.0,50.0,11.5,100.0,46.82548638132293,24.702529182879413,322.6459143968872,43.78015564202335,Female,4.0,Administrative,Glasses_contacts,withoutPartitions,2.0,False,False,False,False,False,False,False,False,0,225.0,0,paintWallboard,ventNoSupply,ventNoReturn,False,True,0.0,West,False,True,False,False,False,True,3,True,False,False,False,False,0.051111111111111114
772.4708171206225,1972.0,50.0,11.5,100.0,46.82548638132293,24.702529182879413,322.6459143968872,43.78015564202335,Female,3.0,Administrative,Glasses_contacts,withoutPartitions,2.0,False,False,False,False,False,False,False,False,0,225.0,0,paintWallboard,ventNoSupply,ventNoReturn,False,True,0.0,West,False,True,False,False,False,True,3,True,False,False,False,False,0.051111111111111114
741.3720472440945,1972.0,50.0,4.4,100.0,47.734251968503926,24.232480314960583,179.90551181102362,45.30905511811024,Female,3.0,Administrative,Glasses_contacts,shared,2.0,False,False,False,False,False,False,False,False,0,55.0,0,paintWallboard,ventNoSupply,ventNoReturn,False,True,0.0,East,False,True,False,False,False,True,0,True,False,False,False,False,0.08
773.1796296296296,1972.0,50.0,10.2,100.0,23.004902867715096,24.8208140610546,191.2710453283996,43.57354301572618,Female,2.0,Administrative,Glasses_contacts,withoutPartitions,2.0,False,False,False,False,False,False,True,False,0,110.0,0,paintWallboard,ventNoSupply,ventReturnCeilSlot,False,True,0.0,East,False,True,False,False,False,True,0,True,True,False,True,False,0.09272727272727273
700.9924599434496,1972.0,50.0,11.5,100.0,21.470660901791184,25.22600370599137,317.86164298949967,38.99135268684373,Female,3.0,Administrative,Glasses_contacts,withoutPartitions,2.0,False,False,False,False,False,False,False,False,0,225.5,0,paintWallboard,ventNoSupply,ventNoReturn,False,True,0.0,West,True,True,False,False,False,True,1,True,False,False,False,False,0.050997782705099776
700.9924599434496,1972.0,50.0,11.5,100.0,21.470660901791184,25.22600370599137,317.86164298949967,38.99135268684373,Female,4.0,Administrative,Glasses_contacts,withoutPartitions,2.0,False,False,False,False,False,False,False,False,0,225.5,0,paintWallboard,ventNoSupply,ventNoReturn,False,True,0.0,West,True,True,False,False,False,True,1,True,False,False,False,False,0.050997782705099776
625.91280148423,1972.0,75.0,7.6,0.0,22.21221091581871,24.966882516188715,206.31822386679,43.12118408880666,Female,3.0,Administrative,Glasses_contacts,shared,2.0,False,False,False,False,False,False,False,False,0,91.925,0,wallpaper,ventNoSupply,ventNoReturn,False,True,0.0,Northwest,False,True,False,False,False,True,0,True,False,False,False,False,0.0826760946423715
700.9924599434496,1972.0,50.0,11.5,100.0,21.470660901791184,25.22600370599137,317.86164298949967,38.99135268684373,Male,3.0,Administrative,Glasses_contacts,single,2.0,False,False,False,False,False,False,False,False,0,225.5,0,paintWallboard,ventNoSupply,ventNoReturn,False,True,0.0,West,True,True,False,False,False,True,1,True,False,False,False,False,0.050997782705099776
700.9924599434496,1972.0,50.0,11.5,100.0,21.470660901791184,25.22600370599137,317.86164298949967,38.99135268684373,Female,2.0,Administrative,None,withoutPartitions,2.0,True,False,True,False,False,False,True,False,1,225.5,0,paintWallboard,ventNoSupply,ventNoReturn,False,True,0.0,West,True,True,False,False,False,True,1,True,False,False,True,False,0.050997782705099776
625.91280148423,1972.0,75.0,7.6,0.0,22.21221091581871,24.966882516188715,206.31822386679,43.12118408880666,Male,3.0,Administrative,Glasses_contacts,single,2.0,False,False,True,False,False,False,False,False,0,91.925,0,wallpaper,ventNoSupply,ventNoReturn,False,True,0.0,Northwest,False,True,False,False,False,True,0,True,False,False,True,False,0.0826760946423715
625.91280148423,1972.0,75.0,7.6,0.0,22.21221091581871,24.966882516188715,206.31822386679,43.12118408880666,Male,4.0,Administrative,Glasses_contacts,shared,1.0,False,False,False,False,False,False,False,False,0,91.925,0,wallpaper,ventNoSupply,ventNoReturn,False,True,0.0,Northwest,False,True,False,False,False,True,0,True,False,False,False,False,0.0826760946423715
700.9924599434496,1986.0,100.0,5.46,100.0,26.633364269141488,23.99749536178119,371.6359055118109,41.96455223880597,Male,2.0,Administrative,Glasses_contacts,single,2.0,False,False,False,False,False,False,False,False,0,121.818,0,paintWallboard,ventNoSupply,ventNoReturn,False,False,5.0,West,False,False,False,True,False,False,0,True,True,False,False,False,0.044820962419346896
772.4708171206225,1986.0,100.0,7.73,100.0,46.82548638132293,24.702529182879413,322.6459143968872,43.78015564202335,Male,4.0,Managerial,Glasses_contacts,shared,1.0,False,False,False,False,False,False,False,False,0,171.496836,0,paintWallboard,ventNoSupply,ventNoReturn,False,False,5.0,East,False,False,False,True,False,False,0,True,True,False,False,False,0.04507371786147705
772.4708171206225,1986.0,100.0,7.73,100.0,46.82548638132293,24.702529182879413,322.6459143968872,43.78015564202335,Male,1.0,Managerial,Glasses_contacts,shared,2.0,False,False,False,False,False,False,False,False,1,171.496836,0,paintWallboard,ventNoSupply,ventNoReturn,False,False,5.0,East,False,False,False,True,False,False,0,True,True,False,False,False,0.04507371786147705
808.0677808727949,2009.0,47.0,17.47,85.0,28.51670380687097,23.45693593314773,663.22191272052,41.760445682451255,Male,3.0,,Glasses_contacts,withoutPartitions,1.0,False,False,False,False,False,False,False,False,0,302.8,0,paintWallboard,,,False,False,3.0,North,False,False,True,True,False,False,0,True,False,False,False,False,0.05769484808454425
700.9924599434496,1988.0,50.0,19.2,100.0,26.46343490304708,23.26777777777781,412.0923361034164,41.3887349953832,,4.0,Administrative,Glasses_contacts,withPartitions,1.0,False,False,False,False,False,False,False,False,0,397.25,0,paintWallboard,ventCeilDif,ventReturnOther,False,True,4.0,South,True,True,False,False,False,True,1,True,False,False,False,False,0.04833228445563247
685.162932790224,1988.0,0.0,9.7952,0.0,46.35498981670062,23.80896130346234,304.16293279022403,43.0081466395112,Male,4.0,Managerial,Glasses_contacts,withoutPartitions,1.0,False,False,False,False,False,False,False,False,1,314.98854879999993,2,,ventCeilDif,ventNoReturn,False,False,4.0,Southeast,True,True,False,False,False,True,1,True,False,False,False,False,0.03109700348573434
652.5328031809145,1988.0,0.0,19.2,0.0,45.00815109343942,23.758051689860856,319.713717693837,43.49502982107356,,4.0,Managerial,Glasses_contacts,withoutPartitions,2.0,False,False,False,False,False,False,False,False,0,32.5,2,paintWallboard,ventCeilDif,ventNoReturn,False,False,4.0,East,False,True,False,False,False,True,3,True,False,False,False,False,0.5907692307692307
618.5601659751037,1988.0,0.0,1.5,0.0,44.187966804979325,24.33900414937764,388.96,42.20331950207469,Male,3.0,Managerial,Glasses_contacts,single,1.0,True,False,False,False,False,False,False,False,0,32.5,2,,ventCeilDif,ventNoReturn,False,False,4.0,North,False,True,False,False,False,True,0,False,True,False,False,False,0.046153846153846156
652.5328031809145,1988.0,0.0,19.2,0.0,45.00815109343942,23.758051689860856,319.713717693837,43.49502982107356,Male,3.0,Technical,Glasses_contacts,withoutPartitions,2.0,False,False,False,False,True,False,False,False,1,32.5,2,paintWallboard,ventCeilDif,ventNoReturn,False,False,4.0,East,False,True,False,False,False,True,3,True,False,False,True,False,0.5907692307692307
652.5328031809145,1988.0,0.0,19.2,0.0,45.00815109343942,23.758051689860856,319.713717693837,43.49502982107356,Female,3.0,Administrative,Glasses_contacts,withoutPartitions,2.0,False,False,True,False,False,False,False,False,1,32.5,2,paintWallboard,ventCeilDif,ventNoReturn,False,False,4.0,East,False,True,False,False,False,True,3,True,False,False,True,False,0.5907692307692307
685.162932790224,1988.0,0.0,9.7952,0.0,46.35498981670062,23.80896130346234,304.16293279022403,43.0081466395112,Male,2.0,Managerial,None,withPartitions,1.0,False,False,False,False,False,False,False,False,0,314.98854879999993,2,,ventCeilDif,ventNoReturn,False,False,4.0,Southeast,True,True,False,False,False,True,1,True,False,False,False,False,0.03109700348573434
888.3686868686868,2008.0,100.0,3.0,100.0,30.580555555555563,25.17146464646469,620.2575757575758,44.025252525252526,,0.0,Professional,Glasses_contacts,shared,2.0,False,False,False,False,False,False,False,False,1,39.5,0,paintWallboard,ventNoSupply,ventNoReturn,False,True,0.0,Northeast,False,True,False,True,False,False,0,False,True,False,False,False,0.0759493670886076
888.3686868686868,2008.0,100.0,3.0,100.0,30.580555555555563,25.17146464646469,620.2575757575758,44.025252525252526,,0.0,Professional,None,shared,2.0,False,False,False,False,False,False,False,False,0,39.5,0,paintWallboard,ventNoSupply,ventNoReturn,False,True,0.0,Northeast,False,True,False,True,False,False,0,False,True,False,False,False,0.0759493670886076
823.707402010051,2008.0,100.0,3.0,100.0,36.0962311557789,24.367587939698485,296.07035175879395,42.550251256281406,Male,2.0,Technical,Glasses_contacts,shared,2.0,False,False,False,False,False,False,True,False,0,50.5,0,paintWallboard,ventNoSupply,ventNoReturn,False,True,0.0,Southwest,False,True,False,True,False,False,0,False,False,False,False,False,0.0594059405940594
823.707402010051,2008.0,100.0,3.0,100.0,36.0962311557789,24.367587939698485,296.07035175879395,42.550251256281406,Male,0.0,Professional,Glasses_contacts,shared,2.0,False,False,False,False,False,False,True,False,0,50.5,0,paintWallboard,ventNoSupply,ventNoReturn,False,True,0.0,Southwest,False,True,False,True,False,False,0,False,False,False,False,False,0.0594059405940594
564.4222222222222,2019.0,26.0,7.6,0.0,21.565740740740743,24.32500000000002,134.82962962962964,46.70185185185185,Male,3.0,Managerial,Glasses_contacts,single,2.0,False,False,False,False,False,False,False,False,1,77.49000000000001,0,paintWallboard,ventPerfCeiling,ventReturnOther,False,True,5.0,West,True,True,False,True,False,False,2,True,False,False,False,False,0.09807717124790294
606.615238095238,2019.0,26.0,19.0,100.0,21.73438077634011,23.78022181146025,398.6395563770795,41.72273567467653,Female,1.0,Managerial,None,withoutPartitions,2.0,True,False,False,False,False,False,False,False,0,102.6,0,paintWallboard,ventPerfCeiling,,False,True,5.0,Northwest,True,True,False,True,False,False,3,True,False,False,False,False,0.1851851851851852
609.5822550831793,2019.0,26.0,7.6,100.0,21.12957486136787,24.44343807763408,251.2162661737523,48.07024029574861,Male,1.0,Technical,Glasses_contacts,shared,2.0,False,False,True,False,False,False,False,False,1,76.68,0,paintWallboard,ventPerfCeiling,ventReturnOther,False,True,5.0,West,True,True,False,True,False,False,1,True,False,False,True,False,0.09911319770474698
564.4222222222222,2019.0,26.0,7.6,0.0,21.565740740740743,24.32500000000002,134.82962962962964,46.70185185185185,Male,2.0,Technical,,shared,2.0,False,False,False,False,False,False,False,False,1,77.49000000000001,0,paintWallboard,ventPerfCeiling,ventReturnOther,False,True,5.0,West,True,True,False,True,False,False,2,True,False,False,True,False,0.09807717124790294
629.4061224489795,2019.0,26.0,3.8,100.0,21.595009242144204,23.82975970425141,184.2181146025878,41.05175600739371,Female,3.0,Administrative,Glasses_contacts,shared,2.0,False,False,False,False,False,False,False,False,1,37.260000000000005,0,paintWallboard,ventPerfCeiling,ventReturnOther,False,True,5.0,East,False,True,False,True,False,False,4,True,True,False,False,False,0.1019860440150295
564.4222222222222,2019.0,26.0,7.6,0.0,21.565740740740743,24.32500000000002,134.82962962962964,46.70185185185185,,4.0,Technical,Glasses_contacts,shared,2.0,False,False,False,False,False,False,False,False,0,77.49000000000001,0,paintWallboard,ventPerfCeiling,ventReturnOther,False,True,5.0,West,True,True,False,True,False,False,2,True,False,False,False,False,0.09807717124790294
606.615238095238,2019.0,26.0,19.0,100.0,21.73438077634011,23.78022181146025,398.6395563770795,41.72273567467653,Male,2.0,,Glasses_contacts,shared,2.0,False,False,False,False,False,False,False,False,0,102.6,0,paintWallboard,ventPerfCeiling,,False,True,5.0,Northwest,True,True,False,True,False,False,3,True,False,False,False,False,0.1851851851851852
606.615238095238,2019.0,26.0,19.0,100.0,21.73438077634011,23.78022181146025,398.6395563770795,41.72273567467653,Female,0.0,Administrative,Glasses_contacts,shared,2.0,False,False,True,False,True,False,True,False,1,102.6,0,paintWallboard,ventPerfCeiling,,False,True,5.0,Northwest,True,True,False,True,False,False,3,True,False,False,True,False,0.1851851851851852
629.4061224489795,2019.0,26.0,3.8,100.0,21.595009242144204,23.82975970425141,184.2181146025878,41.05175600739371,Male,4.0,,Glasses_contacts,single,2.0,False,False,False,False,False,False,False,False,0,37.260000000000005,0,paintWallboard,ventPerfCeiling,ventReturnOther,False,True,5.0,East,False,True,False,True,False,False,4,True,True,False,False,False,0.1019860440150295
609.5822550831793,2019.0,26.0,7.6,100.0,21.12957486136787,24.44343807763408,251.2162661737523,48.07024029574861,Male,0.0,Technical,None,shared,2.0,False,False,False,False,False,False,False,False,0,76.68,0,paintWallboard,ventPerfCeiling,ventReturnOther,False,True,5.0,West,True,True,False,True,False,False,1,True,False,False,False,False,0.09911319770474698
609.5822550831793,2019.0,26.0,7.6,100.0,21.12957486136787,24.44343807763408,251.2162661737523,48.07024029574861,Male,1.0,Technical,None,shared,1.0,False,False,False,False,False,False,False,False,0,76.68,0,paintWallboard,ventPerfCeiling,ventReturnOther,False,True,5.0,West,True,True,False,True,False,False,1,True,False,False,False,False,0.09911319770474698
606.615238095238,2019.0,26.0,19.0,100.0,21.73438077634011,23.78022181146025,398.6395563770795,41.72273567467653,Male,3.0,Technical,Glasses_contacts,shared,2.0,False,False,False,False,False,False,False,False,0,102.6,0,paintWallboard,ventPerfCeiling,,False,True,5.0,Northwest,True,True,False,True,False,False,3,True,False,False,False,False,0.1851851851851852
606.615238095238,2019.0,26.0,19.0,100.0,21.73438077634011,23.78022181146025,398.6395563770795,41.72273567467653,Female,0.0,Professional,None,shared,2.0,False,False,False,False,False,False,False,False,0,102.6,0,paintWallboard,ventPerfCeiling,,False,True,5.0,Northwest,True,True,False,True,False,False,3,True,False,False,False,False,0.1851851851851852
609.5822550831793,2019.0,26.0,7.6,100.0,21.12957486136787,24.44343807763408,251.2162661737523,48.07024029574861,Male,0.0,Administrative,Glasses_contacts,shared,2.0,False,False,False,False,False,False,False,False,0,76.68,0,paintWallboard,ventPerfCeiling,ventReturnOther,False,True,5.0,West,True,True,False,True,False,False,1,True,False,False,False,False,0.09911319770474698
564.4222222222222,2019.0,26.0,7.6,0.0,21.565740740740743,24.32500000000002,134.82962962962964,46.70185185185185,Female,3.0,Administrative,Glasses_contacts,shared,2.0,False,False,False,False,False,False,False,False,0,77.49000000000001,0,paintWallboard,ventPerfCeiling,ventReturnOther,False,True,5.0,West,True,True,False,True,False,False,2,True,False,False,False,False,0.09807717124790294
606.615238095238,2019.0,26.0,19.0,100.0,21.73438077634011,23.78022181146025,398.6395563770795,41.72273567467653,Female,2.0,Administrative,Glasses_contacts,shared,2.0,False,False,True,False,False,False,False,False,1,102.6,0,paintWallboard,ventPerfCeiling,,False,True,5.0,Northwest,True,True,False,True,False,False,3,True,False,False,True,False,0.1851851851851852
629.4061224489795,2019.0,26.0,3.8,100.0,21.595009242144204,23.82975970425141,184.2181146025878,41.05175600739371,Male,0.0,Professional,None,shared,2.0,False,False,False,False,False,False,True,False,0,37.260000000000005,0,paintWallboard,ventPerfCeiling,ventReturnOther,False,True,5.0,East,False,True,False,True,False,False,4,True,True,False,False,False,0.1019860440150295
601.35,2014.0,24.0,4.2,100.0,22.90611111111109,24.371481481481453,480.162962962963,44.14814814814815,Male,3.0,Technical,Glasses_contacts,shared,2.0,False,False,False,False,False,False,False,False,1,34.2,0,paintWallboard,ventNoSupply,ventReturnOther,False,True,4.0,West,True,True,False,False,False,True,4,True,True,False,False,False,0.12280701754385964
684.8589981447125,2014.0,24.0,4.2,100.0,22.237707948244,23.43733826247688,1229.079482439926,40.04805914972273,Male,0.0,Technical,None,shared,1.0,True,False,False,False,False,False,False,False,1,34.2,0,paintWallboard,ventNoSupply,ventNoReturn,False,True,4.0,West,True,True,False,False,False,True,0,True,False,False,True,True,0.12280701754385964
723.56261682243,2014.0,25.0,6.3,100.0,20.65111111111112,25.13092592592598,417.7851851851852,41.15,Male,3.0,Administrative,Glasses_contacts,withoutPartitions,1.0,False,False,False,False,False,False,False,False,0,67.5,0,paintWallboard,ventNoSupply,ventNoReturn,False,True,4.0,North,True,True,False,False,False,True,4,False,False,False,False,False,0.09333333333333334
684.8589981447125,2014.0,24.0,4.2,100.0,22.237707948244,23.43733826247688,1229.079482439926,40.04805914972273,Female,0.0,,Glasses_contacts,single,1.0,False,False,True,True,False,False,False,False,1,34.2,0,paintWallboard,ventNoSupply,ventNoReturn,False,True,4.0,West,True,True,False,False,False,True,0,True,False,False,True,False,0.12280701754385964
706.8333333333334,2014.0,30.0,6.2,100.0,22.85074074074075,24.30296296296296,803.3,42.87777777777778,Female,2.0,Managerial,Glasses_contacts,single,1.0,False,False,False,False,False,False,False,False,0,51.6,0,paintWallboard,ventNoSupply,ventNoReturn,False,True,4.0,West,True,True,False,False,True,False,4,True,False,False,False,False,0.12015503875968993
643.3450834879407,2014.0,45.0,5.3,100.0,24.616326530612245,24.518923933209635,572.9647495361781,41.10760667903525,Male,3.0,Technical,None,shared,2.0,False,False,False,False,True,False,True,False,0,46.98,0,paintWallboard,ventNoSupply,ventNoReturn,False,True,4.0,West,True,True,False,False,False,True,4,False,True,False,False,False,0.11281396338867604
684.8589981447125,2014.0,24.0,4.2,100.0,22.237707948244,23.43733826247688,1229.079482439926,40.04805914972273,Female,4.0,Administrative,Glasses_contacts,single,2.0,True,False,False,True,False,False,False,False,0,34.2,0,paintWallboard,ventNoSupply,ventNoReturn,False,True,4.0,West,True,True,False,False,False,True,0,True,False,False,True,True,0.12280701754385964
886.1209829867674,2014.0,27.0,5.9,100.0,18.56592592592594,25.639444444444475,760.074074074074,42.59444444444444,Male,0.0,Technical,None,single,2.0,False,False,False,False,False,False,False,False,1,50.49,0,paintWallboard,ventNoSupply,ventNoReturn,False,True,4.0,East,True,True,False,False,False,True,4,False,False,False,False,False,0.11685482273717568
643.3450834879407,2014.0,45.0,5.3,100.0,24.616326530612245,24.518923933209635,572.9647495361781,41.10760667903525,Female,4.0,Managerial,Glasses_contacts,single,2.0,False,False,False,False,False,False,False,False,1,46.98,0,paintWallboard,ventNoSupply,ventNoReturn,False,True,4.0,West,True,True,False,False,False,True,4,False,True,False,False,False,0.11281396338867604
624.1072088724584,2014.0,44.0,3.6,100.0,19.04501845018449,25.947232472324725,509.34317343173433,40.78044280442804,Male,4.0,Administrative,Glasses_contacts,single,2.0,False,False,False,False,True,True,False,False,0,30.24,0,paintWallboard,ventNoSupply,ventNoReturn,False,True,4.0,West,True,True,False,False,False,True,4,True,False,False,False,False,0.11904761904761905
706.8333333333334,2014.0,30.0,6.2,100.0,22.85074074074075,24.30296296296296,803.3,42.87777777777778,Female,1.0,Administrative,Glasses_contacts,shared,1.0,False,False,False,True,False,False,False,False,1,51.6,0,paintWallboard,ventNoSupply,ventNoReturn,False,True,4.0,West,True,True,False,False,True,False,4,True,False,False,False,False,0.12015503875968993
706.8333333333334,2014.0,30.0,6.2,100.0,22.85074074074075,24.30296296296296,803.3,42.87777777777778,Female,1.0,Professional,None,shared,2.0,False,False,False,False,False,False,False,False,1,51.6,0,paintWallboard,ventNoSupply,ventNoReturn,False,True,4.0,West,True,True,False,False,True,False,4,True,False,False,False,False,0.12015503875968993
855.1470361816782,1959.0,50.0,1.2,100.0,46.45203689469639,26.124673328209106,414.99308224442734,40.767870868562646,Male,3.0,Administrative,Glasses_contacts,single,2.0,False,False,False,False,False,False,True,False,0,54.0,2,wallpaper,ventNoSupply,ventNoReturn,False,False,5.0,East,False,True,False,True,False,False,0,False,False,False,True,False,0.022222222222222223
915.2317262830484,1959.0,50.0,1.3,100.0,48.6596923076923,25.47353846153851,97.81846153846152,42.02692307692308,Female,1.0,Managerial,Glasses_contacts,single,2.0,False,False,False,False,False,False,False,False,1,87.75,2,fabric,ventNoSupply,ventNoReturn,False,False,5.0,East,False,True,False,True,False,False,0,False,False,False,True,True,0.014814814814814815
668.3826013513514,1959.0,50.0,1.2,100.0,45.72079439252336,25.627024922118423,621.8411214953271,41.55451713395639,Female,3.0,Administrative,Glasses_contacts,shared,2.0,False,False,False,False,False,False,False,False,0,62.1,2,wallpaper,,ventNoReturn,False,False,5.0,West,False,False,False,True,False,False,3,True,False,False,False,False,0.01932367149758454
798.7935034802784,1959.0,50.0,1.2,100.0,49.03673627223516,25.64447022428464,1087.647331786543,42.11678267594741,Male,3.0,Administrative,Glasses_contacts,withPartitions,1.0,False,False,False,False,False,False,False,False,1,94.5,2,fabric,ventFancoil,ventNoReturn,False,False,5.0,West,False,True,False,True,False,False,3,True,False,False,True,False,0.012698412698412698
798.7935034802784,1959.0,50.0,1.2,100.0,49.03673627223516,25.64447022428464,1087.647331786543,42.11678267594741,Male,2.0,Administrative,None,withPartitions,1.0,False,False,False,True,False,True,False,False,1,94.5,2,fabric,ventFancoil,ventNoReturn,False,False,5.0,West,False,True,False,True,False,False,3,True,False,False,False,False,0.012698412698412698
965.0411622276029,1959.0,50.0,1.2,100.0,46.12716049382713,26.09205246913581,129.75462962962962,41.55246913580247,Male,2.0,Managerial,Glasses_contacts,withoutPartitions,0.0,False,False,True,False,False,False,False,False,0,117.45,2,wallpaper,ventNoSupply,ventNoReturn,False,False,5.0,,False,False,False,True,False,False,3,True,False,False,True,False,0.010217113665389526
798.7935034802784,1959.0,50.0,1.2,100.0,49.03673627223516,25.64447022428464,1087.647331786543,42.11678267594741,Female,2.0,Administrative,Glasses_contacts,withPartitions,2.0,False,False,False,False,False,False,False,False,1,94.5,2,fabric,ventFancoil,ventNoReturn,False,False,5.0,West,False,True,False,True,False,False,3,True,False,False,True,False,0.012698412698412698
668.3826013513514,1959.0,50.0,1.2,100.0,45.72079439252336,25.627024922118423,621.8411214953271,41.55451713395639,,2.0,Administrative,Glasses_contacts,shared,2.0,False,False,False,False,False,False,False,False,1,62.1,2,wallpaper,,ventNoReturn,False,False,5.0,West,False,False,False,True,False,False,3,True,False,True,False,False,0.01932367149758454
798.7935034802784,1959.0,50.0,1.2,100.0,49.03673627223516,25.64447022428464,1087.647331786543,42.11678267594741,Male,2.0,Managerial,Glasses_contacts,withPartitions,1.0,False,False,False,False,False,False,False,False,1,94.5,2,fabric,ventFancoil,ventNoReturn,False,False,5.0,West,False,True,False,True,False,False,3,True,False,False,True,False,0.012698412698412698
845.2443181818181,1985.0,0.0,1.3,0.0,46.239393939393935,23.100757575757573,55.07575757575758,41.08901515151515,Female,4.0,Administrative,Glasses_contacts,single,2.0,False,False,False,False,False,False,False,False,1,34.25,0,paintWallboard,ventCeilDif,ventNoReturn,False,False,2.0,Southeast,False,True,False,False,False,True,4,True,False,False,False,False,0.03795620437956204
628.93542074364,1985.0,0.0,1.7,0.0,42.32504854368936,24.63747572815537,147.00194174757283,41.557281553398056,Female,3.0,Administrative,Glasses_contacts,shared,2.0,False,False,False,False,False,False,False,False,0,49.25,0,paintWallboard,ventNoSupply,ventNoReturn,False,False,2.0,Northwest,False,True,False,False,False,True,4,True,False,False,False,False,0.03451776649746193
628.93542074364,1985.0,0.0,1.7,0.0,42.32504854368936,24.63747572815537,147.00194174757283,41.557281553398056,Female,2.0,Administrative,Glasses_contacts,shared,2.0,False,False,False,False,False,False,False,False,0,49.25,0,paintWallboard,ventNoSupply,ventNoReturn,False,False,2.0,Northwest,False,True,False,False,False,True,4,True,False,False,False,False,0.03451776649746193
845.2443181818181,1985.0,0.0,1.3,0.0,46.239393939393935,23.100757575757573,55.07575757575758,41.08901515151515,Female,2.0,Administrative,None,single,2.0,False,False,False,False,False,False,False,False,0,34.25,0,paintWallboard,ventCeilDif,ventNoReturn,False,False,2.0,Southeast,False,True,False,False,False,True,4,True,False,False,False,False,0.03795620437956204
845.2443181818181,1985.0,0.0,1.3,0.0,46.239393939393935,23.100757575757573,55.07575757575758,41.08901515151515,Male,4.0,Managerial,Glasses_contacts,single,1.0,False,False,False,False,False,False,False,False,0,34.25,0,paintWallboard,ventCeilDif,ventNoReturn,False,False,2.0,Southeast,False,True,False,False,False,True,4,True,False,False,False,False,0.03795620437956204
628.93542074364,1985.0,0.0,1.7,0.0,42.32504854368936,24.63747572815537,147.00194174757283,41.557281553398056,Female,3.0,Administrative,Glasses_contacts,shared,2.0,False,False,False,False,False,False,False,False,0,49.25,0,paintWallboard,ventNoSupply,ventNoReturn,False,False,2.0,Northwest,False,True,False,False,False,True,4,True,False,False,True,True,0.03451776649746193
562.1269379844962,1985.0,0.0,1.9,0.0,45.090891472868144,23.61579457364339,130.40891472868216,43.12306201550388,Female,1.0,Administrative,Glasses_contacts,shared,2.0,False,False,False,False,False,False,False,False,0,69.25,0,paintWallboard,ventNoSupply,ventNoReturn,False,False,2.0,East,False,True,False,False,False,True,1,True,False,False,False,False,0.02743682310469314
641.953216374269,1981.0,0.0,21.2,100.0,41.00779727095521,23.45458089668616,276.270955165692,43.34600389863548,Male,0.0,Technical,None,withoutPartitions,2.0,False,False,False,False,False,False,False,False,0,459.085,0,paintWallboard,ventCeilDif,O2_ventReturnGrill,False,False,4.0,Southwest,False,False,False,False,False,True,0,True,False,False,False,False,0.0461788122025333
641.953216374269,1981.0,0.0,21.2,100.0,41.00779727095521,23.45458089668616,276.270955165692,43.34600389863548,Male,1.0,Technical,None,shared,1.0,False,False,False,False,False,False,False,False,0,459.085,0,paintWallboard,ventCeilDif,O2_ventReturnGrill,False,False,4.0,Southwest,False,False,False,False,False,True,0,True,False,False,False,False,0.0461788122025333
641.953216374269,1981.0,0.0,21.2,100.0,41.00779727095521,23.45458089668616,276.270955165692,43.34600389863548,Male,2.0,Administrative,None,withoutPartitions,2.0,False,False,False,False,False,False,False,False,0,459.085,0,paintWallboard,ventCeilDif,O2_ventReturnGrill,False,False,4.0,Southwest,False,False,False,False,False,True,0,True,False,False,False,False,0.0461788122025333
641.953216374269,1981.0,0.0,21.2,100.0,41.00779727095521,23.45458089668616,276.270955165692,43.34600389863548,Male,0.0,Technical,Glasses_contacts,withPartitions,0.0,False,False,False,False,False,False,False,False,0,459.085,0,paintWallboard,ventCeilDif,O2_ventReturnGrill,False,False,4.0,Southwest,False,False,False,False,False,True,0,True,False,False,False,False,0.0461788122025333
588.261040235525,1991.0,70.0,32.646,100.0,26.440231696014862,23.53596848934207,143.45319740500463,43.55236329935125,Male,2.0,Managerial,None,withoutPartitions,0.0,False,False,False,False,False,False,False,False,1,810.4862400000001,0,paintWallboard,ventCeilDif,,False,False,4.0,Southeast,False,True,True,True,False,False,0,True,True,False,False,False,0.04027952405459715
521.0983302411873,1991.0,100.0,9.492,100.0,26.65400742115036,23.99749536178119,185.9925788497217,41.87940630797774,Male,1.0,Technical,None,withoutPartitions,2.0,False,False,False,False,False,False,False,False,0,363.314248,0,paintWallboard,ventCeilDif,O2_ventReturnGrill,False,False,4.0,Southeast,False,True,True,True,False,False,0,False,False,False,True,False,0.02612614300774684
521.0983302411873,1991.0,100.0,9.492,100.0,26.65400742115036,23.99749536178119,185.9925788497217,41.87940630797774,Male,3.0,Administrative,Glasses_contacts,withoutPartitions,2.0,False,False,False,False,False,False,False,False,0,363.314248,0,paintWallboard,ventCeilDif,O2_ventReturnGrill,False,False,4.0,Southeast,False,True,True,True,False,False,0,False,False,False,False,False,0.02612614300774684
521.0983302411873,1991.0,100.0,9.492,100.0,26.65400742115036,23.99749536178119,185.9925788497217,41.87940630797774,Male,1.0,Technical,None,withoutPartitions,2.0,False,False,False,False,False,False,False,False,0,363.314248,0,paintWallboard,ventCeilDif,O2_ventReturnGrill,False,False,4.0,Southeast,False,True,True,True,False,False,0,False,False,False,False,False,0.02612614300774684
521.0983302411873,1991.0,100.0,9.492,100.0,26.65400742115036,23.99749536178119,185.9925788497217,41.87940630797774,Male,1.0,Technical,None,withoutPartitions,2.0,False,False,False,False,False,False,False,False,0,363.314248,0,paintWallboard,ventCeilDif,O2_ventReturnGrill,False,False,4.0,Southeast,False,True,True,True,False,False,0,False,False,False,False,False,0.02612614300774684
521.0983302411873,1991.0,100.0,9.492,100.0,26.65400742115036,23.99749536178119,185.9925788497217,41.87940630797774,Male,2.0,Administrative,None,withoutPartitions,2.0,False,False,False,False,False,False,False,False,1,363.314248,0,paintWallboard,ventCeilDif,O2_ventReturnGrill,False,False,4.0,Southeast,False,True,True,True,False,False,0,False,False,False,True,False,0.02612614300774684
521.0983302411873,1991.0,100.0,9.492,100.0,26.65400742115036,23.99749536178119,185.9925788497217,41.87940630797774,,2.0,Administrative,Glasses_contacts,withoutPartitions,2.0,False,False,False,False,False,False,False,False,0,363.314248,0,paintWallboard,ventCeilDif,O2_ventReturnGrill,False,False,4.0,Southeast,False,True,True,True,False,False,0,False,False,False,False,True,0.02612614300774684
521.0983302411873,1991.0,100.0,9.492,100.0,26.65400742115036,23.99749536178119,185.9925788497217,41.87940630797774,,1.0,Technical,None,shared,2.0,False,False,False,False,False,False,False,False,1,363.314248,0,paintWallboard,ventCeilDif,O2_ventReturnGrill,False,False,4.0,Southeast,False,True,True,True,False,False,0,False,False,False,True,True,0.02612614300774684
588.261040235525,1991.0,70.0,32.646,100.0,26.440231696014862,23.53596848934207,143.45319740500463,43.55236329935125,Male,1.0,Technical,None,withoutPartitions,2.0,False,False,True,False,False,False,False,False,1,810.4862400000001,0,paintWallboard,ventCeilDif,,False,False,4.0,Southeast,False,True,True,True,False,False,0,True,True,False,True,False,0.04027952405459715
911.516069788797,1893.0,90.0,25.44,100.0,28.29833792470164,24.583305785124,200.90541781450872,43.9880624426079,Female,2.0,Administrative,Glasses_contacts,withoutPartitions,2.0,False,False,True,False,False,False,False,False,1,568.3199999999999,0,,,,False,True,0.0,East,False,False,True,False,True,False,4,False,True,False,True,True,0.04476351351351352
911.516069788797,1893.0,90.0,25.44,100.0,28.29833792470164,24.583305785124,200.90541781450872,43.9880624426079,Female,0.0,Administrative,None,withPartitions,1.0,False,False,False,False,False,False,False,False,1,568.3199999999999,0,,,,False,True,0.0,East,False,False,True,False,True,False,4,False,True,False,False,False,0.04476351351351352
911.516069788797,1893.0,90.0,25.44,100.0,28.29833792470164,24.583305785124,200.90541781450872,43.9880624426079,Male,2.0,Managerial,Glasses_contacts,withoutPartitions,2.0,False,False,False,False,True,False,True,False,1,568.3199999999999,0,,,,False,True,0.0,East,False,False,True,False,True,False,4,False,True,False,False,False,0.04476351351351352
911.516069788797,1893.0,90.0,25.44,100.0,28.29833792470164,24.583305785124,200.90541781450872,43.9880624426079,Male,0.0,Administrative,None,withoutPartitions,2.0,False,False,False,False,False,False,False,False,0,568.3199999999999,0,,,,False,True,0.0,East,False,False,True,False,True,False,4,False,True,False,False,False,0.04476351351351352
708.3195488721805,1995.0,100.0,8.2,100.0,27.51826492537316,24.005410447761275,180.9216417910448,41.96455223880597,Male,0.0,Administrative,Glasses_contacts,shared,2.0,False,False,True,True,False,False,False,False,0,66.56,2,paintWallboard,ventNoSupply,ventNoReturn,False,False,4.0,Northeast,True,True,False,False,True,False,3,False,False,False,True,False,0.12319711538461536
708.3195488721805,1995.0,100.0,8.2,100.0,27.51826492537316,24.005410447761275,180.9216417910448,41.96455223880597,Male,1.0,Administrative,None,shared,2.0,False,False,False,True,True,False,False,True,0,66.56,2,paintWallboard,ventNoSupply,ventNoReturn,False,False,4.0,Northeast,True,True,False,False,True,False,3,False,False,False,False,False,0.12319711538461536
700.9924599434496,1995.0,100.0,29.5,100.0,27.41680037313442,23.78522388059708,112.90485074626864,41.353544776119406,Male,1.0,Administrative,None,withPartitions,2.0,False,False,False,False,False,False,True,False,1,295.936,2,paintWallboard,ventNoSupply,ventNoReturn,False,False,4.0,Northeast,True,True,False,False,True,False,1,True,True,False,True,False,0.09968371539792388
708.3195488721805,1995.0,100.0,8.2,100.0,27.51826492537316,24.005410447761275,180.9216417910448,41.96455223880597,Female,1.0,Administrative,Glasses_contacts,shared,2.0,False,False,False,False,False,False,False,False,0,66.56,2,paintWallboard,ventNoSupply,ventNoReturn,False,False,4.0,Northeast,True,True,False,False,True,False,3,False,False,False,False,False,0.12319711538461536
700.9924599434496,1995.0,100.0,29.5,100.0,27.41680037313442,23.78522388059708,112.90485074626864,41.353544776119406,Male,2.0,Administrative,None,shared,2.0,False,False,False,False,False,False,False,False,0,295.936,2,paintWallboard,ventNoSupply,ventNoReturn,False,False,4.0,Northeast,True,True,False,False,True,False,1,True,True,False,False,False,0.09968371539792388
700.9924599434496,1995.0,100.0,29.5,100.0,27.41680037313442,23.78522388059708,112.90485074626864,41.353544776119406,Male,4.0,Technical,Glasses_contacts,withPartitions,2.0,False,False,False,False,False,False,False,False,0,295.936,2,paintWallboard,ventNoSupply,ventNoReturn,False,False,4.0,Northeast,True,True,False,False,True,False,1,True,True,False,True,False,0.09968371539792388
700.9924599434496,1995.0,100.0,29.5,100.0,27.41680037313442,23.78522388059708,112.90485074626864,41.353544776119406,Female,2.0,Managerial,None,single,1.0,False,False,False,False,False,False,False,False,0,295.936,2,paintWallboard,ventNoSupply,ventNoReturn,False,False,4.0,Northeast,True,True,False,False,True,False,1,True,True,False,False,False,0.09968371539792388
700.9924599434496,1995.0,100.0,29.5,100.0,27.41680037313442,23.78522388059708,112.90485074626864,41.353544776119406,Male,0.0,Administrative,Glasses_contacts,withoutPartitions,2.0,False,False,False,False,False,False,False,False,1,295.936,2,paintWallboard,ventNoSupply,ventNoReturn,False,False,4.0,Northeast,True,True,False,False,True,False,1,True,True,False,False,False,0.09968371539792388
708.3195488721805,1995.0,100.0,8.2,100.0,27.51826492537316,24.005410447761275,180.9216417910448,41.96455223880597,Female,3.0,Administrative,Glasses_contacts,shared,2.0,False,True,False,False,False,False,False,False,1,66.56,2,paintWallboard,ventNoSupply,ventNoReturn,False,False,4.0,Northeast,True,True,False,False,True,False,3,False,False,False,True,False,0.12319711538461536
700.9924599434496,1995.0,100.0,29.5,100.0,27.41680037313442,23.78522388059708,112.90485074626864,41.353544776119406,Female,1.0,Administrative,None,withPartitions,2.0,False,False,False,False,False,False,False,False,1,295.936,2,paintWallboard,ventNoSupply,ventNoReturn,False,False,4.0,Northeast,True,True,False,False,True,False,1,True,True,False,True,False,0.09968371539792388
708.3195488721805,1995.0,100.0,8.2,100.0,27.51826492537316,24.005410447761275,180.9216417910448,41.96455223880597,Female,2.0,Managerial,None,single,1.0,False,False,False,True,False,False,False,False,0,66.56,2,paintWallboard,ventNoSupply,ventNoReturn,False,False,4.0,Northeast,True,True,False,False,True,False,3,False,False,False,False,False,0.12319711538461536
708.3195488721805,1995.0,100.0,8.2,100.0,27.51826492537316,24.005410447761275,180.9216417910448,41.96455223880597,Male,2.0,Administrative,Glasses_contacts,single,2.0,False,False,False,False,False,False,False,False,0,66.56,2,paintWallboard,ventNoSupply,ventNoReturn,False,False,4.0,Northeast,True,True,False,False,True,False,3,False,False,False,False,False,0.12319711538461536
708.3195488721805,1995.0,100.0,8.2,100.0,27.51826492537316,24.005410447761275,180.9216417910448,41.96455223880597,Male,1.0,Administrative,None,shared,2.0,False,False,False,False,False,False,False,False,0,66.56,2,paintWallboard,ventNoSupply,ventNoReturn,False,False,4.0,Northeast,True,True,False,False,True,False,3,False,False,False,False,False,0.12319711538461536
708.3195488721805,1995.0,100.0,8.2,100.0,27.51826492537316,24.005410447761275,180.9216417910448,41.96455223880597,Female,3.0,Administrative,Glasses_contacts,shared,2.0,False,False,False,False,False,False,False,False,0,66.56,2,paintWallboard,ventNoSupply,ventNoReturn,False,False,4.0,Northeast,True,True,False,False,True,False,3,False,False,False,False,False,0.12319711538461536
688.4099616858238,1995.0,100.0,9.88,100.0,27.04713747645958,24.03271186440681,112.79472693032017,41.67043314500942,Male,3.0,Administrative,Glasses_contacts,shared,2.0,False,False,False,False,False,False,False,False,0,83.7632,2,paintWallboard,ventNoSupply,ventNoReturn,False,False,4.0,Southwest,True,True,False,False,True,False,4,True,False,False,False,False,0.11795155867970661
700.9924599434496,1995.0,100.0,29.5,100.0,27.41680037313442,23.78522388059708,112.90485074626864,41.353544776119406,Female,1.0,Administrative,Glasses_contacts,shared,2.0,False,False,False,False,False,False,False,False,1,295.936,2,paintWallboard,ventNoSupply,ventNoReturn,False,False,4.0,Northeast,True,True,False,False,True,False,1,True,True,False,False,False,0.09968371539792388
700.9924599434496,1995.0,100.0,29.5,100.0,27.41680037313442,23.78522388059708,112.90485074626864,41.353544776119406,Male,4.0,,Glasses_contacts,withPartitions,2.0,False,False,False,False,False,False,False,False,1,295.936,2,paintWallboard,ventNoSupply,ventNoReturn,False,False,4.0,Northeast,True,True,False,False,True,False,1,True,True,False,True,False,0.09968371539792388
708.3195488721805,1995.0,100.0,8.2,100.0,27.51826492537316,24.005410447761275,180.9216417910448,41.96455223880597,Female,2.0,Administrative,Glasses_contacts,shared,2.0,False,False,False,False,False,False,False,False,1,66.56,2,paintWallboard,ventNoSupply,ventNoReturn,False,False,4.0,Northeast,True,True,False,False,True,False,3,False,False,False,False,False,0.12319711538461536
700.9924599434496,1995.0,100.0,29.5,100.0,27.41680037313442,23.78522388059708,112.90485074626864,41.353544776119406,,2.0,Administrative,None,withPartitions,2.0,False,False,False,False,False,False,False,False,0,295.936,2,paintWallboard,ventNoSupply,ventNoReturn,False,False,4.0,Northeast,True,True,False,False,True,False,1,True,True,False,False,False,0.09968371539792388
708.3195488721805,1995.0,100.0,8.2,100.0,27.51826492537316,24.005410447761275,180.9216417910448,41.96455223880597,Female,0.0,Administrative,None,shared,2.0,False,False,False,False,False,False,False,False,1,66.56,2,paintWallboard,ventNoSupply,ventNoReturn,False,False,4.0,Northeast,True,True,False,False,True,False,3,False,False,False,False,False,0.12319711538461536
708.3195488721805,1995.0,100.0,8.2,100.0,27.51826492537316,24.005410447761275,180.9216417910448,41.96455223880597,Male,1.0,Administrative,None,shared,1.0,False,False,False,False,False,False,False,False,0,66.56,2,paintWallboard,ventNoSupply,ventNoReturn,False,False,4.0,Northeast,True,True,False,False,True,False,3,False,False,False,False,False,0.12319711538461536
708.3195488721805,1995.0,100.0,8.2,100.0,27.51826492537316,24.005410447761275,180.9216417910448,41.96455223880597,Male,1.0,Administrative,Glasses_contacts,shared,2.0,False,False,False,False,False,False,False,False,0,66.56,2,paintWallboard,ventNoSupply,ventNoReturn,False,False,4.0,Northeast,True,True,False,False,True,False,3,False,False,False,False,False,0.12319711538461536
708.3195488721805,1995.0,100.0,8.2,100.0,27.51826492537316,24.005410447761275,180.9216417910448,41.96455223880597,Male,3.0,Managerial,Glasses_contacts,single,1.0,False,False,False,False,False,False,False,False,0,66.56,2,paintWallboard,ventNoSupply,ventNoReturn,False,False,4.0,Northeast,True,True,False,False,True,False,3,False,False,False,False,False,0.12319711538461536
708.3195488721805,1995.0,100.0,8.2,100.0,27.51826492537316,24.005410447761275,180.9216417910448,41.96455223880597,Male,2.0,Administrative,None,shared,2.0,False,False,False,False,False,False,True,False,0,66.56,2,paintWallboard,ventNoSupply,ventNoReturn,False,False,4.0,Northeast,True,True,False,False,True,False,3,False,False,False,False,False,0.12319711538461536
708.3195488721805,1995.0,100.0,8.2,100.0,27.51826492537316,24.005410447761275,180.9216417910448,41.96455223880597,Male,3.0,Administrative,Glasses_contacts,shared,1.0,False,False,False,False,False,False,False,False,1,66.56,2,paintWallboard,ventNoSupply,ventNoReturn,False,False,4.0,Northeast,True,True,False,False,True,False,3,False,False,False,False,False,0.12319711538461536
708.3195488721805,1995.0,100.0,8.2,100.0,27.51826492537316,24.005410447761275,180.9216417910448,41.96455223880597,Female,3.0,Administrative,Glasses_contacts,shared,1.0,False,False,False,False,False,False,False,False,0,66.56,2,paintWallboard,ventNoSupply,ventNoReturn,False,False,4.0,Northeast,True,True,False,False,True,False,3,False,False,False,False,False,0.12319711538461536
700.9924599434496,1995.0,100.0,29.5,100.0,27.41680037313442,23.78522388059708,112.90485074626864,41.353544776119406,Female,1.0,Administrative,Glasses_contacts,shared,2.0,False,False,False,True,False,False,False,False,1,295.936,2,paintWallboard,ventNoSupply,ventNoReturn,False,False,4.0,Northeast,True,True,False,False,True,False,1,True,True,False,False,False,0.09968371539792388
708.3195488721805,1995.0,100.0,8.2,100.0,27.51826492537316,24.005410447761275,180.9216417910448,41.96455223880597,Male,2.0,Administrative,None,single,1.0,False,False,False,False,False,False,False,False,0,66.56,2,paintWallboard,ventNoSupply,ventNoReturn,False,False,4.0,Northeast,True,True,False,False,True,False,3,False,False,False,True,False,0.12319711538461536
708.3195488721805,1995.0,100.0,8.2,100.0,27.51826492537316,24.005410447761275,180.9216417910448,41.96455223880597,Male,3.0,Administrative,None,shared,2.0,False,False,False,False,False,False,False,False,0,66.56,2,paintWallboard,ventNoSupply,ventNoReturn,False,False,4.0,Northeast,True,True,False,False,True,False,3,False,False,False,False,False,0.12319711538461536
708.3195488721805,1995.0,100.0,8.2,100.0,27.51826492537316,24.005410447761275,180.9216417910448,41.96455223880597,Female,2.0,Administrative,None,shared,2.0,True,False,True,False,False,False,False,False,1,66.56,2,paintWallboard,ventNoSupply,ventNoReturn,False,False,4.0,Northeast,True,True,False,False,True,False,3,False,False,False,True,False,0.12319711538461536
708.3195488721805,1995.0,100.0,8.2,100.0,27.51826492537316,24.005410447761275,180.9216417910448,41.96455223880597,Male,3.0,Administrative,Glasses_contacts,single,2.0,False,False,False,False,False,False,False,False,0,66.56,2,paintWallboard,ventNoSupply,ventNoReturn,False,False,4.0,Northeast,True,True,False,False,True,False,3,False,False,False,False,False,0.12319711538461536
506.5978835978836,1963.0,100.0,22.4,100.0,23.807476538060524,23.887351407716423,193.36183524504693,42.99374348279458,Male,0.0,Administrative,Glasses_contacts,withoutPartitions,2.0,True,False,False,False,False,False,False,False,0,154.90699999999998,0,paintWallboard,ventPerfCeiling,ventNoReturn,False,True,0.0,North,False,True,False,False,True,False,3,True,False,False,True,False,0.1446028907667181
480.6980952380952,1963.0,100.0,38.1,100.0,24.25803370786516,23.4438826466916,354.3333333333333,41.48813982521848,Female,1.0,,Glasses_contacts,withPartitions,1.0,False,False,False,False,False,False,False,False,0,223.86,0,paintWallboard,ventWallVeilDif,O2_ventReturnGrill,False,True,0.0,South,False,True,True,False,True,False,4,True,False,False,True,True,0.17019565800053604
531.02634467618,1963.0,100.0,16.8,100.0,22.874447646493813,24.24829010566768,438.7339097022094,41.525456292026895,Female,1.0,,None,withoutPartitions,2.0,False,False,False,False,False,False,True,False,1,167.958,0,paintWallboard,ventPerfCeiling,O2_ventReturnGrill,False,True,0.0,South,True,True,True,False,True,False,0,True,False,False,True,False,0.1000250062515629
480.6980952380952,1963.0,100.0,38.1,100.0,24.25803370786516,23.4438826466916,354.3333333333333,41.48813982521848,Female,1.0,Administrative,Glasses_contacts,withoutPartitions,2.0,False,False,False,False,False,False,False,False,0,223.86,0,paintWallboard,ventWallVeilDif,O2_ventReturnGrill,False,True,0.0,South,False,True,True,False,True,False,4,True,False,False,False,False,0.17019565800053604
480.6980952380952,1963.0,100.0,38.1,100.0,24.25803370786516,23.4438826466916,354.3333333333333,41.48813982521848,Female,2.0,Administrative,Glasses_contacts,withPartitions,2.0,False,False,False,False,True,False,True,False,1,223.86,0,paintWallboard,ventWallVeilDif,O2_ventReturnGrill,False,True,0.0,South,False,True,True,False,True,False,4,True,False,False,True,False,0.17019565800053604
480.6980952380952,1963.0,100.0,38.1,100.0,24.25803370786516,23.4438826466916,354.3333333333333,41.48813982521848,Female,2.0,Administrative,Glasses_contacts,withPartitions,2.0,False,False,False,False,False,False,False,False,1,223.86,0,paintWallboard,ventWallVeilDif,O2_ventReturnGrill,False,True,0.0,South,False,True,True,False,True,False,4,True,False,True,True,False,0.17019565800053604
576.187866927593,1963.0,100.0,16.8,100.0,25.28053571428579,22.581719924812088,360.1842105263158,45.8515037593985,Female,3.0,Administrative,Glasses_contacts,shared,2.0,False,False,False,False,False,False,False,False,0,117.48,0,paintWallboard,ventPerfCeiling,O2_ventReturnGrill,False,True,0.0,North,True,True,False,False,True,False,4,True,True,False,False,False,0.14300306435137897
576.187866927593,1963.0,100.0,16.8,100.0,25.28053571428579,22.581719924812088,360.1842105263158,45.8515037593985,Female,3.0,Administrative,Glasses_contacts,shared,2.0,False,False,False,False,False,False,False,False,0,117.48,0,paintWallboard,ventPerfCeiling,O2_ventReturnGrill,False,True,0.0,North,True,True,False,False,True,False,4,True,True,False,False,False,0.14300306435137897
531.02634467618,1963.0,100.0,16.8,100.0,22.874447646493813,24.24829010566768,438.7339097022094,41.525456292026895,Female,3.0,Professional,Glasses_contacts,,2.0,True,False,False,False,False,False,False,False,0,167.958,0,paintWallboard,ventPerfCeiling,O2_ventReturnGrill,False,True,0.0,South,True,True,True,False,True,False,0,True,False,False,False,False,0.1000250062515629
480.6980952380952,1963.0,100.0,38.1,100.0,24.25803370786516,23.4438826466916,354.3333333333333,41.48813982521848,Male,0.0,Administrative,None,withPartitions,2.0,True,False,False,False,False,False,False,False,1,223.86,0,paintWallboard,ventWallVeilDif,O2_ventReturnGrill,False,True,0.0,South,False,True,True,False,True,False,4,True,False,False,False,False,0.17019565800053604
506.5978835978836,1963.0,100.0,22.4,100.0,23.807476538060524,23.887351407716423,193.36183524504693,42.99374348279458,Female,4.0,Administrative,Glasses_contacts,withoutPartitions,2.0,False,False,False,False,False,False,False,False,0,154.90699999999998,0,paintWallboard,ventPerfCeiling,ventNoReturn,False,True,0.0,North,False,True,False,False,True,False,3,True,False,False,False,False,0.1446028907667181
480.6980952380952,1963.0,100.0,38.1,100.0,24.25803370786516,23.4438826466916,354.3333333333333,41.48813982521848,Female,3.0,Administrative,Glasses_contacts,withPartitions,2.0,False,False,False,False,False,False,True,False,0,223.86,0,paintWallboard,ventWallVeilDif,O2_ventReturnGrill,False,True,0.0,South,False,True,True,False,True,False,4,True,False,False,True,True,0.17019565800053604
977.7389748201437,1990.0,33.0,1.95,0.0,7.589469424460438,21.23176798561154,734.5616906474834,41.96455223880597,Male,4.0,Administrative,Glasses_contacts,single,2.0,False,False,False,False,False,False,False,False,0,32.1552,2,paintWallboard,ventNoSupply,ventNoReturn,True,False,4.0,North,False,False,False,False,False,True,0,True,True,False,False,False,0.06064337960889685
954.179540636041,1990.0,33.0,5.85,60.0,14.841704946996469,22.41729484902308,1368.6531802120126,41.96455223880597,Female,0.0,Administrative,Glasses_contacts,shared,2.0,False,False,False,False,False,False,False,False,1,131.56,2,,ventNoSupply,O2_ventReturnGrill,True,False,4.0,South,True,False,False,False,False,True,0,True,True,False,False,False,0.04446640316205533
954.179540636041,1990.0,33.0,5.85,60.0,14.841704946996469,22.41729484902308,1368.6531802120126,41.96455223880597,Female,0.0,Administrative,Glasses_contacts,shared,2.0,False,False,False,False,False,False,False,False,1,131.56,2,,ventNoSupply,O2_ventReturnGrill,True,False,4.0,South,True,False,False,False,False,True,0,True,True,False,False,False,0.04446640316205533
700.9924599434496,1990.0,33.0,1.94,33.0,26.633364269141488,23.99749536178119,371.6359055118109,41.96455223880597,Female,1.0,,Glasses_contacts,,2.0,True,False,True,True,True,False,False,False,1,32.1552,2,paintWallboard,ventNoSupply,ventNoReturn,True,False,4.0,North,False,False,False,False,False,True,0,True,False,True,True,True,0.06033238791859481
954.179540636041,1990.0,33.0,5.85,60.0,14.841704946996469,22.41729484902308,1368.6531802120126,41.96455223880597,Female,1.0,Administrative,Glasses_contacts,withPartitions,2.0,False,False,False,False,True,False,True,False,1,131.56,2,,ventNoSupply,O2_ventReturnGrill,True,False,4.0,South,True,False,False,False,False,True,0,True,True,False,True,True,0.04446640316205533
954.179540636041,1990.0,33.0,5.85,60.0,14.841704946996469,22.41729484902308,1368.6531802120126,41.96455223880597,Female,1.0,Administrative,Glasses_contacts,withPartitions,2.0,False,False,False,False,True,False,True,False,1,131.56,2,,ventNoSupply,O2_ventReturnGrill,True,False,4.0,South,True,False,False,False,False,True,0,True,True,False,True,True,0.04446640316205533
977.7389748201437,1990.0,33.0,1.95,0.0,7.589469424460438,21.23176798561154,734.5616906474834,41.96455223880597,Male,3.0,Administrative,Glasses_contacts,single,2.0,False,False,False,False,False,False,False,False,1,32.1552,2,paintWallboard,ventNoSupply,ventNoReturn,True,False,4.0,North,False,False,False,False,False,True,0,True,True,False,True,False,0.06064337960889685
925.6856506849316,1990.0,33.0,3.9,100.0,14.297058219178084,23.07080993150684,2137.917294520548,41.96455223880597,Female,0.0,Administrative,Glasses_contacts,withPartitions,2.0,False,False,False,False,False,False,False,False,1,43.57600000000001,2,paintWallboard,ventNoSupply,O2_ventReturnGrill,True,False,4.0,South,True,False,False,False,False,True,0,True,True,False,True,True,0.08949880668257755
925.6856506849316,1990.0,33.0,3.9,100.0,14.297058219178084,23.07080993150684,2137.917294520548,41.96455223880597,,0.0,Administrative,Glasses_contacts,withPartitions,2.0,False,False,False,False,False,False,False,False,1,43.57600000000001,2,paintWallboard,ventNoSupply,O2_ventReturnGrill,True,False,4.0,South,True,False,False,False,False,True,0,True,True,False,False,False,0.08949880668257755
977.7389748201437,1990.0,33.0,1.95,0.0,7.589469424460438,21.23176798561154,734.5616906474834,41.96455223880597,Male,0.0,Administrative,Glasses_contacts,shared,2.0,True,False,False,False,False,False,False,False,1,32.1552,2,paintWallboard,ventNoSupply,ventNoReturn,True,False,4.0,North,False,False,False,False,False,True,0,True,True,True,False,False,0.06064337960889685
844.4010139860138,1990.0,33.0,1.95,100.0,12.398601398601391,23.816349650349657,1025.5772727272715,41.96455223880597,Male,4.0,Administrative,Glasses_contacts,single,2.0,False,False,False,False,False,False,False,False,0,32.1552,2,paintWallboard,ventNoSupply,ventNoReturn,True,False,4.0,South,True,False,False,False,False,True,0,True,True,False,False,False,0.06064337960889685
844.4010139860138,1990.0,33.0,1.95,100.0,12.398601398601391,23.816349650349657,1025.5772727272715,41.96455223880597,Male,4.0,Administrative,Glasses_contacts,single,2.0,False,False,False,False,False,False,False,False,0,32.1552,2,paintWallboard,ventNoSupply,ventNoReturn,True,False,4.0,South,True,False,False,False,False,True,0,True,True,False,False,False,0.06064337960889685
977.7389748201437,1990.0,33.0,1.95,0.0,7.589469424460438,21.23176798561154,734.5616906474834,41.96455223880597,Female,2.0,Administrative,Glasses_contacts,single,2.0,False,False,True,False,False,False,False,False,1,32.1552,2,paintWallboard,ventNoSupply,ventNoReturn,True,False,4.0,North,False,False,False,False,False,True,0,True,True,True,True,False,0.06064337960889685
925.6856506849316,1990.0,33.0,3.9,100.0,14.297058219178084,23.07080993150684,2137.917294520548,41.96455223880597,Female,2.0,Administrative,None,shared,2.0,False,False,False,False,False,False,False,False,0,43.57600000000001,2,paintWallboard,ventNoSupply,O2_ventReturnGrill,True,False,4.0,South,True,False,False,False,False,True,0,True,True,False,False,False,0.08949880668257755
700.9924599434496,1990.0,33.0,1.94,33.0,26.633364269141488,23.99749536178119,371.6359055118109,41.96455223880597,Female,1.0,,Glasses_contacts,single,2.0,False,False,False,False,False,False,False,False,0,32.1552,2,paintWallboard,ventNoSupply,ventNoReturn,True,False,4.0,North,False,False,False,False,False,True,0,True,False,False,True,False,0.06033238791859481
809.8974462365592,1994.0,33.0,5.7,100.0,23.6802694892473,24.546841263440893,994.4988172043022,41.96455223880597,Male,4.0,Administrative,Glasses_contacts,single,2.0,False,False,False,False,True,False,False,False,0,57.2,1,paintWallboard,ventNoSupply,ventNoReturn,True,True,0.0,,False,False,True,False,True,False,4,True,True,False,False,False,0.09965034965034965
661.1246893638171,1994.0,33.0,13.0,20.0,22.79998310139164,24.15802025347915,624.3770377733597,41.96455223880597,Male,4.0,Administrative,Glasses_contacts,withoutPartitions,2.0,False,False,False,False,False,False,False,False,0,229.88,1,paintWallboard,ventNoSupply,ventNoReturn,True,True,0.0,North,False,False,False,True,False,False,1,True,True,True,True,True,0.0565512441273708
661.1246893638171,1994.0,33.0,13.0,20.0,22.79998310139164,24.15802025347915,624.3770377733597,41.96455223880597,Female,2.0,Administrative,Glasses_contacts,single,2.0,False,False,False,False,False,False,False,False,1,229.88,1,paintWallboard,ventNoSupply,ventNoReturn,True,True,0.0,North,False,False,False,True,False,False,1,True,True,False,True,True,0.0565512441273708
661.1246893638171,1994.0,33.0,13.0,20.0,22.79998310139164,24.15802025347915,624.3770377733597,41.96455223880597,Male,3.0,Technical,Glasses_contacts,single,2.0,False,False,False,False,False,False,False,False,1,229.88,1,paintWallboard,ventNoSupply,ventNoReturn,True,True,0.0,North,False,False,False,True,False,False,1,True,True,True,False,False,0.0565512441273708
661.1246893638171,1994.0,33.0,13.0,20.0,22.79998310139164,24.15802025347915,624.3770377733597,41.96455223880597,Female,3.0,Administrative,Glasses_contacts,withoutPartitions,2.0,False,False,False,False,False,False,False,False,0,229.88,1,paintWallboard,ventNoSupply,ventNoReturn,True,True,0.0,North,False,False,False,True,False,False,1,True,True,True,False,False,0.0565512441273708
617.7592119565218,1994.0,33.0,2.1,20.0,20.418541847826088,21.411473369565265,1019.3697391304362,41.96455223880597,Male,2.0,Professional,Glasses_contacts,,0.0,False,False,False,False,False,False,False,False,0,43.5,1,wallpaper,ventNoSupply,ventNoReturn,True,True,0.0,North,False,True,False,False,False,True,0,False,False,False,False,False,0.04827586206896552
617.7592119565218,1994.0,33.0,2.1,20.0,20.418541847826088,21.411473369565265,1019.3697391304362,41.96455223880597,Male,0.0,Technical,None,shared,1.0,False,False,False,False,False,False,False,False,0,43.5,1,wallpaper,ventNoSupply,ventNoReturn,True,True,0.0,North,False,True,False,False,False,True,0,False,False,False,False,False,0.04827586206896552
617.7592119565218,1994.0,33.0,1.3,0.0,20.418541847826088,21.411473369565265,1019.3697391304362,41.96455223880597,Male,3.0,Professional,Glasses_contacts,single,1.0,False,False,False,False,False,False,False,False,0,24.84,1,wallpaper,ventNoSupply,ventNoReturn,True,True,0.0,South,False,False,False,True,True,True,0,False,False,False,False,False,0.05233494363929147
661.1246893638171,1994.0,33.0,13.0,20.0,22.79998310139164,24.15802025347915,624.3770377733597,41.96455223880597,Male,3.0,Professional,Glasses_contacts,withoutPartitions,0.0,False,False,False,False,True,False,True,False,0,229.88,1,paintWallboard,ventNoSupply,ventNoReturn,True,True,0.0,North,False,False,False,True,False,False,1,True,True,False,False,False,0.0565512441273708
656.1567105263157,1983.0,33.0,6.6,60.0,18.130415413533846,23.17126691729323,310.34003759398445,41.96455223880597,Male,0.0,Professional,Glasses_contacts,withoutPartitions,2.0,False,False,True,False,False,False,True,False,1,97.46,2,wallpaper,ventCeilDif,ventReturnCeilSlot,False,True,5.0,South,False,False,True,False,True,False,1,True,True,False,True,False,0.06772009029345373
748.8005628517832,1983.0,33.0,1.04,0.0,22.75653470919326,22.948853658536592,482.0711069418388,41.96455223880597,Male,3.0,Technical,Glasses_contacts,,2.0,False,False,False,False,False,False,False,False,0,19.58,2,paintWallboard,ventCeilDif,ventReturnCeilSlot,False,True,5.0,North,True,False,True,False,True,False,4,False,True,False,False,False,0.05311542390194076
656.1567105263157,1983.0,33.0,6.6,60.0,18.130415413533846,23.17126691729323,310.34003759398445,41.96455223880597,Male,3.0,Technical,Glasses_contacts,withPartitions,2.0,False,False,True,False,False,False,False,False,1,97.46,2,wallpaper,ventCeilDif,ventReturnCeilSlot,False,True,5.0,South,False,False,True,False,True,False,1,True,True,False,True,False,0.06772009029345373
656.1567105263157,1983.0,33.0,6.6,60.0,18.130415413533846,23.17126691729323,310.34003759398445,41.96455223880597,Female,1.0,Professional,Glasses_contacts,withoutPartitions,2.0,False,False,True,False,True,False,False,False,1,97.46,2,wallpaper,ventCeilDif,ventReturnCeilSlot,False,True,5.0,South,False,False,True,False,True,False,1,True,True,False,True,False,0.06772009029345373
1165.1538122605368,1994.0,33.0,2.0,100.0,26.04486206896549,23.005206896551755,430.12088122605377,41.96455223880597,Female,1.0,Administrative,Glasses_contacts,single,2.0,False,False,False,False,False,False,False,False,1,32.1552,1,wallpaper,ventNoSupply,ventNoReturn,True,False,0.0,West,True,False,False,True,False,False,0,False,True,False,True,True,0.062198338060407025
1165.1538122605368,1994.0,33.0,2.0,100.0,26.04486206896549,23.005206896551755,430.12088122605377,41.96455223880597,Male,0.0,Administrative,Glasses_contacts,shared,2.0,False,False,False,False,False,False,False,False,1,32.1552,1,wallpaper,ventNoSupply,ventNoReturn,True,False,0.0,West,True,False,False,True,False,False,0,False,True,False,True,False,0.062198338060407025
780.4915076335889,1994.0,33.0,6.0,80.0,22.06914312977099,23.586534351145023,428.0082061068703,41.96455223880597,Female,1.0,Professional,Glasses_contacts,withPartitions,2.0,False,False,True,False,True,False,True,False,1,100.0,1,wallpaper,ventNoSupply,ventNoReturn,True,False,0.0,West,True,False,False,True,False,False,1,True,True,False,True,True,0.06
780.4915076335889,1994.0,33.0,6.0,80.0,22.06914312977099,23.586534351145023,428.0082061068703,41.96455223880597,Female,2.0,Administrative,Glasses_contacts,withPartitions,2.0,False,False,False,False,False,False,False,False,0,100.0,1,wallpaper,ventNoSupply,ventNoReturn,True,False,0.0,West,True,False,False,True,False,False,1,True,True,False,False,False,0.06
850.5679245283011,1994.0,33.0,1.67,60.0,21.44712075471696,21.474692452830137,287.80018867924537,41.96455223880597,Male,2.0,Technical,Glasses_contacts,single,2.0,False,False,False,False,False,False,False,False,1,31.980000000000004,1,wallpaper,ventNoSupply,ventNoReturn,True,False,0.0,South,True,False,False,False,False,True,4,False,True,True,False,False,0.052220137585991235
1255.3431499051242,1994.0,33.0,5.0,70.0,27.684220113852007,23.08608918406073,539.9766603415559,41.96455223880597,Male,2.0,Managerial,Glasses_contacts,single,2.0,False,False,False,False,False,False,False,False,1,73.25,1,wallpaper,ventNoSupply,ventNoReturn,True,False,0.0,East,False,False,False,True,False,False,1,True,True,False,False,False,0.06825938566552901
1165.1538122605368,1994.0,33.0,2.0,100.0,26.04486206896549,23.005206896551755,430.12088122605377,41.96455223880597,Female,0.0,Administrative,Glasses_contacts,shared,2.0,False,False,True,False,False,False,False,False,1,32.1552,1,wallpaper,ventNoSupply,ventNoReturn,True,False,0.0,West,True,False,False,True,False,False,0,False,True,False,True,True,0.062198338060407025
1255.3431499051242,1994.0,33.0,5.0,70.0,27.684220113852007,23.08608918406073,539.9766603415559,41.96455223880597,Male,2.0,Professional,Glasses_contacts,withoutPartitions,2.0,False,False,False,False,False,False,False,False,1,73.25,1,wallpaper,ventNoSupply,ventNoReturn,True,False,0.0,East,False,False,False,True,False,False,1,True,True,False,False,False,0.06825938566552901
1255.3431499051242,1994.0,33.0,5.0,70.0,27.684220113852007,23.08608918406073,539.9766603415559,41.96455223880597,Female,3.0,Administrative,Glasses_contacts,shared,2.0,False,False,False,False,False,False,False,False,1,73.25,1,wallpaper,ventNoSupply,ventNoReturn,True,False,0.0,East,False,False,False,True,False,False,1,True,True,False,False,False,0.06825938566552901
780.4915076335889,1994.0,33.0,6.0,80.0,22.06914312977099,23.586534351145023,428.0082061068703,41.96455223880597,Male,0.0,Administrative,Glasses_contacts,single,2.0,False,False,False,False,False,False,False,False,0,100.0,1,wallpaper,ventNoSupply,ventNoReturn,True,False,0.0,West,True,False,False,True,False,False,1,True,True,False,False,False,0.06
885.5085370994941,1980.0,33.0,2.4,100.0,29.58103709949411,22.61484485666104,890.4180438448573,41.96455223880597,Male,3.0,Administrative,Glasses_contacts,single,2.0,False,False,False,False,True,False,False,False,0,44.72,2,paintWallboard,ventNoSupply,O2_ventReturnGrill,False,True,0.0,East,False,False,False,True,False,False,0,True,True,False,True,False,0.05366726296958855
720.1462877516778,1980.0,33.0,3.1,0.0,30.982347245408985,22.91385308848077,402.6681135225375,41.96455223880597,Female,4.0,Professional,None,single,2.0,False,False,False,False,False,False,False,False,0,52.78,2,wallpaper,ventNoSupply,O2_ventReturnGrill,False,True,0.0,West,False,False,False,False,True,False,4,False,True,False,False,False,0.058734369079196665
503.2570382882883,2003.0,33.0,3.0,20.0,26.05960200825828,21.91170251501499,1019.2070570570572,41.96455223880597,Male,1.0,Technical,Glasses_contacts,single,1.0,False,False,False,False,False,False,False,False,0,29.9,1,paintWallboard,ventCeilDif,ventNoReturn,False,False,5.0,West,False,False,True,False,False,True,0,False,True,False,False,False,0.10033444816053512
479.2379591454273,2003.0,33.0,8.0,20.0,23.283631840329875,22.966549287856065,748.8475262368814,41.96455223880597,Female,1.0,Administrative,Glasses_contacts,shared,2.0,False,False,False,False,False,False,False,False,0,134.16,1,paintWallboard,ventCeilDif,O2_ventReturnGrill,False,False,5.0,East,False,False,True,False,True,False,1,True,True,False,False,False,0.05963029218843172
479.2379591454273,2003.0,33.0,8.0,20.0,23.283631840329875,22.966549287856065,748.8475262368814,41.96455223880597,Male,1.0,Administrative,Glasses_contacts,shared,1.0,False,False,False,False,False,False,False,False,1,134.16,1,paintWallboard,ventCeilDif,O2_ventReturnGrill,False,False,5.0,East,False,False,True,False,True,False,1,True,True,False,True,False,0.05963029218843172
509.4986392642643,2003.0,33.0,6.0,70.0,20.940790728228222,24.3076834647147,656.8644144144146,41.96455223880597,Male,0.0,Administrative,Glasses_contacts,shared,2.0,False,False,False,False,False,False,False,False,0,92.56,1,paintWallboard,ventCeilDif,O2_ventReturnGrill,False,False,5.0,East,False,False,True,False,False,True,1,True,True,False,False,False,0.06482281763180639
479.2379591454273,2003.0,33.0,8.0,20.0,23.283631840329875,22.966549287856065,748.8475262368814,41.96455223880597,Female,0.0,Technical,None,shared,1.0,False,False,False,False,False,False,False,False,0,134.16,1,paintWallboard,ventCeilDif,O2_ventReturnGrill,False,False,5.0,East,False,False,True,False,True,False,1,True,True,False,False,False,0.05963029218843172
509.4986392642643,2003.0,33.0,6.0,70.0,20.940790728228222,24.3076834647147,656.8644144144146,41.96455223880597,Female,2.0,Administrative,None,shared,2.0,False,False,False,False,False,False,False,False,0,92.56,1,paintWallboard,ventCeilDif,O2_ventReturnGrill,False,False,5.0,East,False,False,True,False,False,True,1,True,True,False,True,False,0.06482281763180639
632.7636318897638,1970.0,33.0,3.75,20.0,28.98413484251965,22.20689783464567,371.6359055118109,41.96455223880597,Male,1.0,Technical,Glasses_contacts,shared,2.0,False,False,False,False,False,False,False,False,0,94.76,2,wallpaper,ventNoSupply,ventNoReturn,False,True,5.0,Northwest,False,False,True,False,True,False,0,False,True,False,False,False,0.039573659772055715
632.7636318897638,1970.0,33.0,3.75,20.0,28.98413484251965,22.20689783464567,371.6359055118109,41.96455223880597,Male,1.0,Technical,Glasses_contacts,shared,2.0,False,False,False,False,False,False,False,False,0,94.76,2,wallpaper,ventNoSupply,ventNoReturn,False,True,5.0,Northwest,False,False,True,False,True,False,0,False,True,False,False,False,0.039573659772055715
697.6933127980922,1970.0,33.0,3.75,50.0,26.687096726190465,24.8117465277778,995.532063492064,41.96455223880597,Male,3.0,Administrative,Glasses_contacts,shared,2.0,False,False,False,False,False,False,False,False,0,80.73,2,paintWallboard,ventWallDif,O2_ventReturnGrill,False,True,5.0,South,False,False,True,False,True,False,0,True,True,False,False,False,0.046451133407655144
697.6933127980922,1970.0,33.0,3.75,50.0,26.687096726190465,24.8117465277778,995.532063492064,41.96455223880597,Male,3.0,Administrative,Glasses_contacts,shared,2.0,False,False,False,False,False,False,False,False,0,80.73,2,paintWallboard,ventWallDif,O2_ventReturnGrill,False,True,5.0,South,False,False,True,False,True,False,0,True,True,False,False,False,0.046451133407655144
697.6933127980922,1970.0,33.0,3.75,50.0,26.687096726190465,24.8117465277778,995.532063492064,41.96455223880597,Male,4.0,Technical,None,shared,1.0,False,False,False,False,False,False,False,False,0,80.73,2,paintWallboard,ventWallDif,O2_ventReturnGrill,False,True,5.0,South,False,False,True,False,True,False,0,True,True,False,False,False,0.046451133407655144
697.6933127980922,1970.0,33.0,3.75,50.0,26.687096726190465,24.8117465277778,995.532063492064,41.96455223880597,Male,4.0,Technical,None,shared,1.0,False,False,False,False,False,False,False,False,0,80.73,2,paintWallboard,ventWallDif,O2_ventReturnGrill,False,True,5.0,South,False,False,True,False,True,False,0,True,True,False,False,False,0.046451133407655144
705.2156299524564,1970.0,33.0,1.3,40.0,33.92585261489702,22.75236875990489,241.9145800316964,41.96455223880597,Female,1.0,Administrative,Glasses_contacts,single,2.0,False,False,False,False,True,False,False,False,1,22.32,2,paintWallboard,ventNoSupply,ventNoReturn,False,True,5.0,East,False,False,True,False,True,False,0,False,True,False,True,False,0.05824372759856631
705.2156299524564,1970.0,33.0,1.3,40.0,33.92585261489702,22.75236875990489,241.9145800316964,41.96455223880597,Female,1.0,Administrative,Glasses_contacts,single,2.0,False,False,False,False,True,False,False,False,1,22.32,2,paintWallboard,ventNoSupply,ventNoReturn,False,True,5.0,East,False,False,True,False,True,False,0,False,True,False,True,False,0.05824372759856631
960.9466497747748,2001.0,60.0,9.6,0.0,18.48746171171169,23.807023836336352,565.5121621621624,41.96455223880597,Female,0.0,Professional,Glasses_contacts,shared,2.0,False,False,True,False,False,False,False,False,1,73.5,2,paintWallboard,ventNoSupply,ventNoReturn,False,False,1.0,Northeast,False,False,False,False,True,False,0,True,True,False,True,False,0.13061224489795917
960.9466497747748,2001.0,60.0,9.6,0.0,18.48746171171169,23.807023836336352,565.5121621621624,41.96455223880597,Female,2.0,Administrative,Glasses_contacts,shared,2.0,False,False,False,False,False,False,False,False,0,73.5,2,paintWallboard,ventNoSupply,ventNoReturn,False,False,1.0,Northeast,False,False,False,False,True,False,0,True,True,True,True,False,0.13061224489795917
960.9466497747748,2001.0,60.0,9.6,0.0,18.48746171171169,23.807023836336352,565.5121621621624,41.96455223880597,Male,3.0,Administrative,None,shared,2.0,False,False,True,False,False,False,False,False,1,73.5,2,paintWallboard,ventNoSupply,ventNoReturn,False,False,1.0,Northeast,False,False,False,False,True,False,0,True,True,False,True,False,0.13061224489795917
1085.1134572072071,2001.0,33.0,6.0,40.0,28.633301238738703,22.9803734984985,1061.9627627627654,41.96455223880597,Female,0.0,Administrative,Glasses_contacts,withoutPartitions,2.0,True,False,False,False,False,False,False,False,1,71.5,2,paintWallboard,ventNoSupply,ventNoReturn,False,False,1.0,Southwest,False,False,False,True,False,False,3,True,False,False,False,False,0.08391608391608392
532.785203313253,1980.0,33.0,6.0,10.0,27.39398062593145,22.8459001490313,283.5588673621458,41.96455223880597,,2.0,Administrative,Glasses_contacts,withoutPartitions,2.0,True,False,True,False,False,False,False,False,1,624.0,2,wallpaper,ventCeilDif,O2_ventReturnGrill,False,True,0.0,Northwest,False,False,True,True,False,False,1,True,True,False,True,False,0.009615384615384616
515.1016791044776,1980.0,50.0,6.0,0.0,30.657369597615496,23.30833830104321,845.8836065573782,41.96455223880597,Male,4.0,Administrative,Glasses_contacts,shared,2.0,False,False,False,False,False,False,False,False,0,97.24,2,paintWallboard,ventCeilDif,ventNoReturn,False,True,0.0,East,False,False,True,True,False,False,0,True,True,False,False,False,0.06170300287947347
647.9315707620528,2000.0,40.0,4.7,0.0,27.64302954898908,24.276315707620512,398.9384136858474,41.96455223880597,,1.0,Administrative,Glasses_contacts,shared,2.0,False,False,False,False,False,False,False,False,0,45.0,1,wallpaper,ventNoSupply,ventNoReturn,False,True,0.0,East,False,False,True,False,True,False,2,False,True,False,False,False,0.10444444444444445
647.9315707620528,2000.0,40.0,4.7,0.0,27.64302954898908,24.276315707620512,398.9384136858474,41.96455223880597,Female,1.0,Administrative,None,shared,2.0,False,False,True,False,True,False,True,False,1,45.0,1,wallpaper,ventNoSupply,ventNoReturn,False,True,0.0,East,False,False,True,False,True,False,2,False,True,False,True,False,0.10444444444444445
577.6227876106195,1985.0,80.0,7.4,0.0,26.633364269141488,24.63177378190257,521.8294663573084,41.96455223880597,Male,3.0,Managerial,Glasses_contacts,single,1.0,False,False,False,False,False,False,False,False,0,50.75,0,paintWallboard,ventNoSupply,ventNoReturn,False,False,0.0,West,False,False,False,False,True,False,4,True,True,False,False,False,0.1458128078817734
1613.1595,1985.0,100.0,17.3,0.0,29.19847839999998,24.245499199999973,841.0848000000011,41.96455223880597,Female,0.0,Administrative,Glasses_contacts,shared,1.0,True,False,False,False,True,True,True,False,1,242.2,0,paintWallboard,ventNoSupply,ventNoReturn,False,False,0.0,West,True,False,False,False,True,False,0,True,True,False,True,True,0.07142857142857144
1613.1595,1985.0,100.0,17.3,0.0,29.19847839999998,24.245499199999973,841.0848000000011,41.96455223880597,Male,1.0,Administrative,None,withPartitions,1.0,True,False,False,False,False,False,False,False,1,242.2,0,paintWallboard,ventNoSupply,ventNoReturn,False,False,0.0,West,True,False,False,False,True,False,0,True,True,False,False,False,0.07142857142857144
1613.1595,1985.0,100.0,17.3,0.0,29.19847839999998,24.245499199999973,841.0848000000011,41.96455223880597,Female,1.0,Professional,None,withPartitions,1.0,True,False,True,False,False,False,False,False,1,242.2,0,paintWallboard,ventNoSupply,ventNoReturn,False,False,0.0,West,True,False,False,False,True,False,0,True,True,False,True,True,0.07142857142857144
635.4672330097087,1990.0,50.0,6.0,0.0,30.39886977491962,23.07420645161292,757.4482315112554,41.96455223880597,Female,0.0,Administrative,None,shared,2.0,False,False,False,False,False,False,False,False,1,138.75,2,paintWallboard,ventCeilDif,O2_ventReturnGrill,False,False,0.0,Southwest,False,False,False,True,False,False,3,True,True,False,False,False,0.043243243243243246
635.4672330097087,1990.0,50.0,6.0,0.0,30.39886977491962,23.07420645161292,757.4482315112554,41.96455223880597,Female,2.0,Administrative,Glasses_contacts,withoutPartitions,2.0,False,False,False,False,False,False,False,False,1,138.75,2,paintWallboard,ventCeilDif,O2_ventReturnGrill,False,False,0.0,Southwest,False,False,False,True,False,False,3,True,True,False,False,False,0.043243243243243246
635.4672330097087,1990.0,50.0,6.0,0.0,30.39886977491962,23.07420645161292,757.4482315112554,41.96455223880597,Female,3.0,Administrative,Glasses_contacts,withoutPartitions,2.0,False,False,False,True,False,False,False,False,1,138.75,2,paintWallboard,ventCeilDif,O2_ventReturnGrill,False,False,0.0,Southwest,False,False,False,True,False,False,3,True,True,True,True,True,0.043243243243243246
700.9924599434496,1990.0,25.0,3.0,0.0,31.795241545893685,21.95244426494346,244.86328502415464,41.96455223880597,Female,4.0,Administrative,Glasses_contacts,single,1.0,True,False,False,False,False,False,False,False,1,35.0,2,paintWallboard,ventNoSupply,O2_ventReturnGrill,False,False,0.0,South,True,False,False,False,False,True,0,True,True,True,False,False,0.08571428571428572
635.4672330097087,1990.0,50.0,6.0,0.0,30.39886977491962,23.07420645161292,757.4482315112554,41.96455223880597,,2.0,Professional,Glasses_contacts,single,2.0,False,False,False,False,False,False,False,False,0,138.75,2,paintWallboard,ventCeilDif,O2_ventReturnGrill,False,False,0.0,Southwest,False,False,False,True,False,False,3,True,True,False,False,False,0.043243243243243246
700.9924599434496,1930.0,50.0,5.4,0.0,26.31400000000004,24.00795022624434,258.6858220211162,41.96455223880597,Male,1.0,Technical,None,shared,2.0,False,False,False,False,False,False,False,False,0,198.0,2,paintWallboard,ventNoSupply,O2_ventReturnGrill,False,True,5.0,West,True,False,False,False,True,False,3,True,True,False,False,False,0.027272727272727275
700.9924599434496,1930.0,50.0,5.4,0.0,26.31400000000004,24.00795022624434,258.6858220211162,41.96455223880597,Female,0.0,,None,shared,2.0,False,False,False,False,False,False,False,False,1,198.0,2,paintWallboard,ventNoSupply,O2_ventReturnGrill,False,True,5.0,West,True,False,False,False,True,False,3,True,True,False,True,False,0.027272727272727275
470.1211949685521,2015.0,100.0,5.1,0.0,21.37941666666668,25.394481132075462,1248.2003144654095,41.96455223880597,Male,1.0,Technical,Glasses_contacts,single,2.0,False,False,False,False,False,False,False,False,0,42.38,2,paintWallboard,ventCeilDif,O2_ventReturnGrill,False,False,5.0,Southeast,True,False,True,True,False,False,0,True,True,False,False,False,0.12033978291647002
580.7674352134146,2004.0,100.0,6.0,0.0,22.33347713414636,24.71632926829269,723.7321646341472,41.96455223880597,Male,1.0,Administrative,Glasses_contacts,single,2.0,False,False,False,False,False,False,False,False,0,56.0,2,paintWallboard,ventCeilDif,ventNoReturn,False,False,5.0,Northeast,True,False,False,True,False,False,0,False,False,False,False,False,0.10714285714285714
741.0300304878043,2015.0,100.0,7.3,0.0,26.259932926829272,22.896403963414645,817.8553353658541,41.96455223880597,Male,0.0,Technical,None,shared,2.0,False,False,False,False,False,False,False,False,0,38.25,2,paintWallboard,ventCeilDif,ventNoReturn,False,False,5.0,Southwest,True,False,False,True,False,False,4,True,False,False,False,False,0.19084967320261437
528.8330757341577,2004.0,100.0,4.8,0.0,25.321955859969567,24.372756468797547,1759.1150684931497,41.96455223880597,Male,1.0,Technical,None,withPartitions,2.0,False,False,False,False,False,False,False,False,0,39.0,2,paintWallboard,ventCeilDif,ventNoReturn,False,False,5.0,East,True,False,False,True,False,False,2,False,False,False,False,False,0.12307692307692307
741.0300304878043,2015.0,100.0,7.3,0.0,26.259932926829272,22.896403963414645,817.8553353658541,41.96455223880597,Male,1.0,Technical,None,shared,1.0,False,False,False,False,False,False,False,False,1,38.25,2,paintWallboard,ventCeilDif,ventNoReturn,False,False,5.0,Southwest,True,False,False,True,False,False,4,True,False,False,False,False,0.19084967320261437
528.8330757341577,2004.0,100.0,4.8,0.0,25.321955859969567,24.372756468797547,1759.1150684931497,41.96455223880597,Male,2.0,Technical,Glasses_contacts,shared,2.0,False,False,False,False,False,False,False,False,1,39.0,2,paintWallboard,ventCeilDif,ventNoReturn,False,False,5.0,East,True,False,False,True,False,False,2,False,False,False,False,False,0.12307692307692307
741.0300304878043,2015.0,100.0,7.3,0.0,26.259932926829272,22.896403963414645,817.8553353658541,41.96455223880597,,3.0,Technical,Glasses_contacts,withPartitions,2.0,False,False,False,False,True,False,True,False,0,38.25,2,paintWallboard,ventCeilDif,ventNoReturn,False,False,5.0,Southwest,True,False,False,True,False,False,4,True,False,False,False,False,0.19084967320261437
580.7674352134146,2004.0,100.0,6.0,0.0,22.33347713414636,24.71632926829269,723.7321646341472,41.96455223880597,Male,3.0,Technical,Glasses_contacts,shared,2.0,False,False,False,False,False,False,False,False,0,56.0,2,paintWallboard,ventCeilDif,ventNoReturn,False,False,5.0,Northeast,True,False,False,True,False,False,0,False,False,False,False,False,0.10714285714285714
741.0300304878043,2015.0,100.0,7.3,0.0,26.259932926829272,22.896403963414645,817.8553353658541,41.96455223880597,Male,3.0,Managerial,Glasses_contacts,shared,1.0,False,False,True,False,False,False,False,False,0,38.25,2,paintWallboard,ventCeilDif,ventNoReturn,False,False,5.0,Southwest,True,False,False,True,False,False,4,True,False,False,True,False,0.19084967320261437
580.7674352134146,2004.0,100.0,6.0,0.0,22.33347713414636,24.71632926829269,723.7321646341472,41.96455223880597,Male,4.0,Technical,Glasses_contacts,single,2.0,False,False,False,False,False,False,False,False,0,56.0,2,paintWallboard,ventCeilDif,ventNoReturn,False,False,5.0,Northeast,True,False,False,True,False,False,0,False,False,False,False,False,0.10714285714285714
930.7130496742672,1960.0,100.0,3.2,0.0,31.95918668831168,21.1383814935065,1136.7311688311695,41.96455223880597,Male,0.0,Technical,Glasses_contacts,shared,2.0,False,False,False,False,False,False,True,False,1,57.75,2,paintWallboard,ventNoSupply,ventNoReturn,False,True,5.0,North,False,False,False,False,False,True,0,False,True,False,False,False,0.05541125541125541
930.7130496742672,1960.0,100.0,3.2,0.0,31.95918668831168,21.1383814935065,1136.7311688311695,41.96455223880597,Female,1.0,Professional,Glasses_contacts,shared,2.0,True,False,True,False,True,False,True,False,1,57.75,2,paintWallboard,ventNoSupply,ventNoReturn,False,True,5.0,North,False,False,False,False,False,True,0,False,True,False,True,True,0.05541125541125541
736.9197899505766,2015.0,100.0,6.4,100.0,29.07190115321254,21.48459472817133,838.6476112026357,41.96455223880597,Male,3.0,Managerial,Glasses_contacts,single,2.0,False,False,False,False,False,False,False,False,1,58.75,2,paintWallboard,ventNoSupply,ventNoReturn,False,False,5.0,,False,False,True,False,False,True,4,True,True,False,False,False,0.10893617021276597
748.9925203252025,1960.0,100.0,3.2,0.0,22.99984602917341,25.03801620745545,2654.9677471636955,41.96455223880597,Male,2.0,Technical,Glasses_contacts,shared,2.0,False,False,False,False,False,False,False,False,0,45.75,2,wallpaper,ventNoSupply,ventNoReturn,False,True,5.0,South,False,False,False,False,False,True,0,True,True,False,False,False,0.06994535519125683
748.9925203252025,1960.0,100.0,3.2,0.0,22.99984602917341,25.03801620745545,2654.9677471636955,41.96455223880597,Female,0.0,Technical,None,shared,2.0,True,False,False,False,False,False,False,False,0,45.75,2,wallpaper,ventNoSupply,ventNoReturn,False,True,5.0,South,False,False,False,False,False,True,0,True,True,False,False,False,0.06994535519125683
